iso_code,continent,country,last_updated_date,total_cases,total_deaths,total_cases_per_million,population
AFG,Asia,Afghanistan,2024-08-04,235214,7998,5796.468,41128772
ALB,Europe,Albania,2024-08-04,335047,3605,118491.02,2842318
DZA,Africa,Algeria,2024-08-04,272139,6881,5984.05,44903228
ASM,Oceania,American Samoa,2024-08-04,8359,34,172831.6,44295
AND,Europe,Andorra,2024-08-04,48015,159,602280.44,79843
AGO,Africa,Angola,2024-08-04,107481,1937,3016.162,35588996
AIA,North America,Anguilla,2024-08-04,3904,12,274890.88,15877
ATG,North America,Antigua and Barbuda,2024-08-04,9106,146,98071.1,93772
ARG,South America,Argentina,2024-08-04,10101218,130663,222455.06,45510324
ARM,Asia,Armenia,2024-08-04,452273,8777,156991.11,2780472
ABW,North America,Aruba,2024-08-04,44224,292,410271.62,106459
AUS,Oceania,Australia,2024-08-04,11861161,25236,452699,26177410
AUT,Europe,Austria,2024-08-04,6082444,22534,671004.9,8939617
AZE,Asia,Azerbaijan,2024-08-04,835757,10353,81178.445,10358078
BHS,North America,Bahamas,2024-08-04,39127,849,98421.81,409989
BHR,Asia,Bahrain,2024-08-04,696614,1536,454276.25,1472237
BGD,Asia,Bangladesh,2024-08-04,2051348,29499,12110.572,171186368
BRB,North America,Barbados,2024-08-04,108582,593,384600.7,281646
BLR,Europe,Belarus,2024-08-04,994037,7118,108362.68,9534956
BEL,Europe,Belgium,2024-08-04,4872829,34339,418562.72,11655923
BLZ,North America,Belize,2024-08-04,71414,688,177319.92,405285
BEN,Africa,Benin,2024-08-04,28036,163,2037.573,13352864
BMU,North America,Bermuda,2024-08-04,18860,165,291175.2,64207
BTN,Asia,Bhutan,2024-08-04,62697,21,80286.07,782457
BOL,South America,Bolivia,2024-08-04,1212147,22387,100366.93,12224114
BES,North America,Bonaire Sint Eustatius and Saba,2024-08-04,11922,41,416067.56,27052
BIH,Europe,Bosnia and Herzegovina,2024-08-04,403666,16392,125956.49,3233530
BWA,Africa,Botswana,2024-08-04,330696,2801,135536.98,2630300
BRA,South America,Brazil,2024-08-04,37511921,702116,178367.94,215313504
VGB,North America,British Virgin Islands,2024-08-04,7557,64,197084.3,31332
BRN,Asia,Brunei,2024-08-04,347723,179,763598.6,449002
BGR,Europe,Bulgaria,2024-08-04,1329988,38700,194845.4,6781955
BFA,Africa,Burkina Faso,2024-08-04,22139,400,983.56,22673764
BDI,Africa,Burundi,2024-08-04,54569,15,4096.433,12889583
KHM,Asia,Cambodia,2024-08-04,139319,3056,8099.134,16767851
CMR,Africa,Cameroon,2024-08-04,125246,1974,4532.516,27914542
CAN,North America,Canada,2024-08-04,4819055,55282,124134.43,38454328
CPV,Africa,Cape Verde,2024-08-04,64474,417,124048.1,593162
CYM,North America,Cayman Islands,2024-08-04,31472,37,439497.84,68722
CAF,Africa,Central African Republic,2024-08-04,15441,113,3028.812,5579148
TCD,Africa,Chad,2024-08-04,7702,194,417.332,17723312
CHL,South America,Chile,2024-08-04,5401126,62730,276229.6,19603736
CHN,Asia,China,2024-08-04,99373219,122304,69726.805,1425887360
COL,South America,Colombia,2024-08-04,6391876,142727,123543.3,51874028
COM,Africa,Comoros,2024-08-04,9109,160,10919.549,836783
COG,Africa,Congo,2024-08-04,25227,389,4180.042,5970430
COK,Oceania,Cook Islands,2024-08-04,7345,2,498067.4,17032
CRI,North America,Costa Rica,2024-08-04,1234701,9372,242966.97,5180836
CIV,Africa,Cote d'Ivoire,2024-08-04,88434,835,2909.492,28160548
HRV,Europe,Croatia,2024-08-04,1317144,18752,337121.47,4030361
CUB,North America,Cuba,2024-08-04,1113662,8530,100694.4,11212198
CUW,North America,Curacao,2024-08-04,45883,305,247546.55,191173
CYP,Europe,Cyprus,2024-08-04,696410,1451,523075.38,896007
CZE,Europe,Czechia,2024-08-12,4761919,43509,446155.97,10493990
COD,Africa,Democratic Republic of Congo,2024-08-04,101009,1474,986.445,99010216
DNK,Europe,Denmark,2024-08-04,3435679,9693,582032.56,5882259
DJI,Africa,Djibouti,2024-08-04,15690,189,13798.259,1120851
DMA,North America,Dominica,2024-08-04,16047,74,240044.88,72758
DOM,North America,Dominican Republic,2024-08-04,661103,4384,58865.52,11228821
TLS,Asia,East Timor,2024-08-04,23460,138,17132.854,1341298
ECU,South America,Ecuador,2024-08-04,1077445,36050,60449.453,18001002
EGY,Africa,Egypt,2024-08-04,516023,24830,4582.054,110990096
SLV,North America,El Salvador,2024-08-04,201920,4230,32151.248,6336393
GNQ,Africa,Equatorial Guinea,2024-08-04,17130,183,9497.935,1674916
ERI,Africa,Eritrea,2024-08-04,10189,103,2988.457,3684041
EST,Europe,Estonia,2024-08-12,610471,2998,452169.94,1326064
SWZ,Africa,Eswatini,2024-08-04,75356,1427,61821.89,1201680
ETH,Africa,Ethiopia,2024-08-04,501193,7574,3997.255,123379928
FLK,South America,Falkland Islands,2024-08-04,1923,0,547083.94,3801
FRO,Europe,Faroe Islands,2024-08-04,34658,28,641351.6,53117
FJI,Oceania,Fiji,2024-08-04,69047,885,75097.78,929769
FIN,Europe,Finland,2024-08-04,1499712,11466,269281.97,5540745
FRA,Europe,France,2024-08-04,38997490,168091,606706,67813000
GUF,South America,French Guiana,2024-08-04,98041,413,328644.84,304568
PYF,Oceania,French Polynesia,2024-08-04,79387,650,283131.66,306292
GAB,Africa,Gabon,2024-08-04,49051,307,20179.352,2388997
GMB,Africa,Gambia,2024-08-04,12627,372,4789.353,2705995
GEO,Asia,Georgia,2024-08-04,1863615,17150,491099.22,3744385
DEU,Europe,Germany,2024-08-04,38437756,174979,457123.1,83369840
GHA,Africa,Ghana,2024-08-04,172062,1462,5190.54,33475870
GIB,Europe,Gibraltar,2024-08-04,20550,113,546092.3,32677
GRC,Europe,Greece,2024-08-04,5673681,39258,544892.3,10384972
GRL,North America,Greenland,2024-08-04,11971,21,213714.42,56494
GRD,North America,Grenada,2024-08-04,19693,238,168419.88,125459
GLP,North America,Guadeloupe,2024-08-04,203235,1021,528290.6,395762
GUM,Oceania,Guam,2024-08-04,52287,419,316520.7,171783
GTM,North America,Guatemala,2024-08-04,1250371,20203,70057.125,17843914
GGY,Europe,Guernsey,2024-08-04,35326,67,554150.6,63329
GIN,Africa,Guinea,2024-08-04,38572,468,2744.335,13859349
GNB,Africa,Guinea-Bissau,2024-08-04,9614,177,4566.056,2105580
GUY,South America,Guyana,2024-08-04,74443,1302,90603.38,808727
HTI,North America,Haiti,2024-08-04,34456,860,2995.235,11585003
HND,North America,Honduras,2024-08-04,472896,11114,45193.176,10432858
HUN,Europe,Hungary,2024-08-04,2230800,49053,230352.08,9967304
ISL,Europe,Iceland,2024-08-04,210374,186,553080.2,372903
IND,Asia,India,2024-08-12,45041748,533623,31598.86,1417173120
IDN,Asia,Indonesia,2024-08-04,6829399,162059,24493.01,275501344
IRN,Asia,Iran,2024-08-04,7627863,146837,85204.44,88550568
IRQ,Asia,Iraq,2024-08-04,2465545,25375,55945.402,44496124
IRL,Europe,Ireland,2024-08-04,1745088,9744,341503.62,5023108
IMN,Europe,Isle of Man,2024-08-04,38008,116,451701.84,84534
ISR,Asia,Israel,2024-08-04,4841558,12707,531855.56,9449000
ITA,Europe,Italy,2024-08-07,26781078,197307,449202.94,59037472
JAM,North America,Jamaica,2024-08-04,157181,3611,55361.973,2827382
JPN,Asia,Japan,2024-08-04,33803572,74694,270433.8,123951696
JEY,Europe,Jersey,2024-08-04,66391,161,641502.3,110796
JOR,Asia,Jordan,2024-08-04,1746997,14122,155202.16,11285875
KAZ,Asia,Kazakhstan,2024-08-04,1504370,19072,75088.555,19397998
KEN,Africa,Kenya,2024-08-04,344106,5689,6342.68,54027484
KIR,Oceania,Kiribati,2024-08-04,5085,24,38971.19,131237
KWT,Asia,Kuwait,2024-08-04,667290,2570,145394.48,4268886
KGZ,Asia,Kyrgyzstan,2024-08-04,88953,1024,12788.335,6630621
LAO,Asia,Laos,2024-08-04,219060,671,28979.996,7529477
LVA,Europe,Latvia,2024-08-04,977765,7475,519795.25,1850654
LBN,Asia,Lebanon,2024-08-04,1239904,10947,215842.16,5489744
LSO,Africa,Lesotho,2024-08-04,36138,709,15807.624,2305826
LBR,Africa,Liberia,2024-08-04,7930,294,1475.817,5302690
LBY,Africa,Libya,2024-08-04,507269,6437,70221.87,6812344
LIE,Europe,Liechtenstein,2024-08-04,21588,89,548810.25,39355
LTU,Europe,Lithuania,2024-08-14,1369355,9810,486117.47,2750058
LUX,Europe,Luxembourg,2024-08-04,393542,1000,602376.2,647601
MDG,Africa,Madagascar,2024-08-04,68567,1428,2252.732,29611718
MWI,Africa,Malawi,2024-08-04,89168,2686,4335.124,20405318
MYS,Asia,Malaysia,2024-08-14,5309410,37351,153028.81,33938216
MDV,Asia,Maldives,2024-08-04,186694,316,356207.4,523798
MLI,Africa,Mali,2024-08-04,33166,743,1437.46,22593598
MLT,Europe,Malta,2024-08-04,122796,922,232482.77,533293
MHL,Oceania,Marshall Islands,2024-08-04,16297,17,406469.78,41593
MTQ,North America,Martinique,2024-08-04,230354,1104,659169.44,367512
MRT,Africa,Mauritania,2024-08-04,63872,997,13100.216,4736146
MUS,Africa,Mauritius,2024-08-04,328167,1073,257157.16,1299478
MYT,Africa,Mayotte,2024-08-04,42027,187,137667.97,326113
MEX,North America,Mexico,2024-08-04,7619458,334551,59243.242,127504120
FSM,Oceania,Micronesia (country),2024-08-04,31765,65,283302.4,114178
MDA,Europe,Moldova,2024-08-04,637520,12245,209711.42,3272993
MCO,Europe,Monaco,2024-08-04,17181,67,441115.3,36491
MNG,Asia,Mongolia,2024-08-04,1011489,2136,298725.5,3398373
MNE,Europe,Montenegro,2024-08-04,251280,2654,408818.03,627082
MSR,North America,Montserrat,2024-08-04,1403,8,313449.5,4413
MAR,Africa,Morocco,2024-08-04,1279115,16305,34265.92,37457976
MOZ,Africa,Mozambique,2024-08-04,233843,2252,7160.744,32969520
MMR,Asia,Myanmar,2024-08-04,642885,19494,11959.141,54179312
NAM,Africa,Namibia,2024-08-04,172533,4108,59706.86,2567024
NRU,Oceania,Nauru,2024-08-04,5393,1,456221.97,12691
NPL,Asia,Nepal,2024-08-04,1003450,12031,33768.65,30547586
NLD,Europe,Netherlands,2024-08-04,8640008,22986,482562.8,17564020
NCL,Oceania,New Caledonia,2024-08-04,80163,314,279186.16,289959
NZL,Oceania,New Zealand,2024-08-11,2639048,4284,514260.6,5185289
NIC,North America,Nicaragua,2024-08-04,16185,245,2404.667,6948395
NER,Africa,Niger,2024-08-04,9518,315,376.028,26207982
NGA,Africa,Nigeria,2024-08-04,267188,3155,1197.342,218541216
NIU,Oceania,Niue,2024-08-04,1074,0,582429.5,1952
PRK,Asia,North Korea,2024-08-04,0,0,0,26069416
MKD,Europe,North Macedonia,2024-08-04,350924,9978,190695.11,2093606
MNP,Oceania,Northern Mariana Islands,2024-08-04,14912,41,323463.7,49574
NOR,Europe,Norway,2024-08-04,1512647,5732,277204.28,5434324
OMN,Asia,Oman,2024-08-04,399449,4628,84446.055,4576300
PAK,Asia,Pakistan,2024-08-04,1580631,30656,6485.952,235824864
PLW,Oceania,Palau,2024-08-04,6372,10,358299.6,18084
PSE,Asia,Palestine,2024-08-04,703228,5708,132552.62,5250076
PAN,North America,Panama,2024-08-04,1044821,8748,237417.66,4408582
PNG,Oceania,Papua New Guinea,2024-08-04,46864,670,4593.08,10142625
PRY,South America,Paraguay,2024-08-04,735759,19880,108832.664,6780745
PER,South America,Peru,2024-08-04,4526977,220975,135232.81,34049588
PHL,Asia,Philippines,2024-08-04,4140383,66864,36330.51,115559008
PCN,Oceania,Pitcairn,2024-08-04,4,0,88888.89,47
POL,Europe,Poland,2024-08-04,6670799,120726,173783.28,39857144
PRT,Europe,Portugal,2024-08-04,5664109,28809,543733.1,10270857
PRI,North America,Puerto Rico,2024-08-04,1252713,5938,386523.97,3252412
QAT,Asia,Qatar,2024-08-04,514524,690,177884.27,2695131
REU,Africa,Reunion,2024-08-04,494595,921,567494.2,974062
ROU,Europe,Romania,2024-08-04,3541619,68825,184779.06,19659270
RUS,Europe,Russia,2024-08-04,24268728,403188,166703.84,144713312
RWA,Africa,Rwanda,2024-08-04,133264,1468,9762.196,13776702
BLM,North America,Saint Barthelemy,2024-08-04,5507,5,503014.25,10994
SHN,Africa,Saint Helena,2024-08-04,2166,0,403427.1,5401
KNA,North America,Saint Kitts and Nevis,2024-08-04,6607,46,141383.66,47681
LCA,North America,Saint Lucia,2024-08-04,30282,410,169368.1,179872
MAF,North America,Saint Martin (French part),2024-08-04,12324,46,426465.5,31816
SPM,North America,Saint Pierre and Miquelon,2024-08-04,3426,2,594791.7,5885
VCT,North America,Saint Vincent and the Grenadines,2024-08-04,9674,124,94785.52,103959
WSM,Oceania,Samoa,2024-08-04,17057,31,79235.75,222390
SMR,Europe,San Marino,2024-08-04,25292,126,741418.25,33690
STP,Africa,Sao Tome and Principe,2024-08-04,6771,80,29918.74,227393
SAU,Asia,Saudi Arabia,2024-08-04,841469,9646,26152.596,36408824
SEN,Africa,Senegal,2024-08-04,89485,1971,5069.656,17316452
SRB,Europe,Serbia,2024-08-04,2583470,18057,380413.34,6871547
SYC,Africa,Seychelles,2024-08-04,51886,172,413328.88,107135
SLE,Africa,Sierra Leone,2024-08-04,7979,125,964.019,8605723
SGP,Asia,Singapore,2024-08-04,3006155,2024,532073.56,5637022
SXM,North America,Sint Maarten (Dutch part),2024-08-04,11051,92,262101.84,44192
SVK,Europe,Slovakia,2024-08-04,1878002,21227,343127.25,5643455
SVN,Europe,Slovenia,2024-08-04,1356582,10083,641340.2,2119843
SLB,Oceania,Solomon Islands,2024-08-04,25954,199,33228.562,724272
SOM,Africa,Somalia,2024-08-04,27334,1361,1535.455,17597508
ZAF,Africa,South Africa,2024-08-04,4072765,102595,65291.246,59893884
KOR,Asia,South Korea,2024-08-04,34571873,35934,667636.06,51815808
SSD,Africa,South Sudan,2024-08-04,18823,147,1707.894,10913172
ESP,Europe,Spain,2024-08-04,13980340,121852,292302.16,47558632
LKA,Asia,Sri Lanka,2024-08-04,672798,16907,29463.502,21832150
SDN,Africa,Sudan,2024-08-04,63993,5046,1295.842,46874200
SUR,South America,Suriname,2024-08-04,82501,1406,132388.6,618046
SWE,Europe,Sweden,2024-08-04,2755181,27399,262715.12,10549349
CHE,Europe,Switzerland,2024-08-04,4457868,14170,507026.47,8740471
SYR,Asia,Syria,2024-08-04,57423,3163,2556.432,22125242
TJK,Asia,Tajikistan,2024-08-04,17786,125,1746.769,9952789
TZA,Africa,Tanzania,2024-08-04,43230,846,668.039,65497752
THA,Asia,Thailand,2024-08-04,4799180,34715,66901.21,71697024
TGO,Africa,Togo,2024-08-04,39530,290,4348.858,8848700
TKL,Oceania,Tokelau,2024-08-04,80,0,34602.074,1893
TON,Oceania,Tonga,2024-08-04,16976,12,161594.62,106867
TTO,North America,Trinidad and Tobago,2024-08-04,191496,4390,128012.02,1531043
TUN,Africa,Tunisia,2024-08-04,1153361,29423,95167.016,12356116
TUR,Asia,Turkey,2024-08-04,17004718,101419,195325.25,85341248
TKM,Asia,Turkmenistan,2024-08-04,0,0,0,6430777
TCA,North America,Turks and Caicos Islands,2024-08-04,6805,40,148357.28,45726
TUV,Oceania,Tuvalu,2024-08-04,2943,1,293947.25,11335
UGA,Africa,Uganda,2024-08-04,172154,3632,3638.641,47249588
UKR,Europe,Ukraine,2024-08-04,5532777,109920,134785.47,39701744
ARE,Asia,United Arab Emirates,2024-08-04,1067030,2349,104180.94,9441138
GBR,Europe,United Kingdom,2024-08-04,24974629,232112,366308,67508936
USA,North America,United States,2024-08-04,103436829,1193165,302859.5,338289856
VIR,North America,United States Virgin Islands,2024-08-04,25389,132,293443.22,99479
URY,South America,Uruguay,2024-08-04,1041346,7682,307099,3422796
UZB,Asia,Uzbekistan,2024-08-04,175081,1016,5011.054,34627648
VUT,Oceania,Vanuatu,2024-08-04,12019,14,38391.758,326744
VAT,Europe,Vatican,2024-08-04,26,0,50682.26,808
VEN,South America,Venezuela,2024-08-04,552695,5856,19590.072,28301700
VNM,Asia,Vietnam,2024-08-04,11624000,43206,116612.4,98186856
WLF,Oceania,Wallis and Futuna,2024-08-04,3760,9,326928.1,11596
YEM,Asia,Yemen,2024-08-04,11945,2159,312.509,33696612
ZMB,Africa,Zambia,2024-08-04,349842,4077,17359.357,20017670
ZWE,Africa,Zimbabwe,2024-08-04,266386,5740,16577.57,16320539
